Category,Item_Name,"Is_Veg(1:veg,0:non-veg)","Is_Alcohol(1:alcoholic,0:non-alcoholic)",Description,Price
Cookie Gifts & Hampers,Premium Truffle Chocolates Gift Box - 25 Pieces,1,0,Perfect for gifting or treating yourself to luxury,508.47
Cookie Gifts & Hampers,Cookieman Happiness Gift Hamper,1,0,"This Hamper Contains : 300g Assorted Cookies With Floral Tin , 8 piece ... read more",846.61
Cookie Gifts & Hampers,Cookieman Gift Hamper With Love,1,0,"This Hamper Contains : 300g Assorted Cookies With Love Tin , 8 piece ... read more",846.61
Cookie Gifts & Hampers,With Love Assorted Cookies - 300g,1,0,A perfect Gift for your loved one. A delicious assortment of our best ... read more,330.51
Cookie Gifts & Hampers,With Love Assorted Cookies - 600g (Save 10% - INR 66),1,0,MRP Of 660 A perfect gift for your loved one. A delicious assortment ... read more,503.38
Cookie Gifts & Hampers,Premium Truffle Chocolates Gift Box - 8 Pieces,1,0,Our classic chocolate treat with an Assortment of Exotic Flavours,203.38
Cookie Gifts & Hampers,Floral Gift Tin Assorted Cookies - 300g,1,0,Assorted Cookie Gift Box comes filled with freshly baked eggless cookies,330.51
Cookie Gifts & Hampers,Golden Cookies Gift Tin - 250g,1,0,250g Assorted Cookies is to ensure premium quality and a delightful taste experience.,296.61
Cookie Gifts & Hampers,Joy Gift Box Assorted Cookies - 500g,1,0,Delicious assorted cookies packed in a gift box perfect for all occasions.,355.93
Cookie Gifts & Hampers,Floral Gift Tin Assorted Cookies - 600g,1,0,Best selling flavours of our original cookies in our signature tin.,559.32
Cookie Gifts & Hampers,Assorted Cookies Gift Tin Canister- 250g,1,0,Best selling flavours of our original cookies in our signature tin.,237.29
Cookie Gifts & Hampers,Premium Truffle Chocolates Gift Box - 12 Pieces,1,0,Premium Chocolates to fill your Love with Sweetness!,313.56
Cookie Gifts & Hampers,Premium Truffle Chocolate Gift Box - 15 Pieces,1,0,Premium Chocolates to fill your Love with Sweetness!,381.36
Cookie Gifts & Hampers,Luxury Handcrafted Chocolate Box,1,0,This Premium Chocolate Box Contains 12 Pieces of Delicious Handcrafted Molded ... read more,381.35
Cookie Gifts & Hampers,Best Wishes Cookies Gift Tin - 300g,1,0,,330.51
Super Saver Deals (Upto 30% Off),Donuts - Buy 4 & Get 2 Free (choose your Flavors!),1,0,MRP 600 Of This Delightful Mouth Watering Combo comes with 6 Assorted ... read more,400.0
Super Saver Deals (Upto 30% Off),Donuts - Buy 4 & Get 2 Free (Save 21% - INR 108),1,0,MRP 600 Of This Delightful Mouth Watering Combo comes with 6 Assorted ... read more,440.0
Super Saver Deals (Upto 30% Off),1 Kg of Choc Chip Cookies Tub (Save 15% - INR 111),1,0,MRP 860 This Deal Contains: 1 Kg of Choc Chip Cookies,618.0
Super Saver Deals (Upto 30% Off),1 Kg Assorted Cookies Tub (Save 15% - INR 111),1,0,MRP 860 This Deal contains: 1 Kg Assorted Cookies,618.0
Premium Dessert Combos,2 Premium Brownies @199,1,0,This Combo Contains : Chocolate & Walnut Brownies,199.0
Premium Dessert Combos,4 Premium Macaroons @199,1,0,This Combo Contains : 2 Strawberry Macaroon & 2 Chocolate Macaroon,199.0
Cookie Dessert,Soft & Chewy Cookie Pack of 2,1,0,"Treat yourself with our perfect summer dessert, straight from the oven. Simply Soft, ... read more",150.0
Cookie Dessert,Double Choc Chunk Cookie,1,0,Irresistible chocolate cookies with pearls of chocolate droplets for a perfect Soft & ... read more,85.0
Cookie Dessert,Milk Choc Chew Cookie,1,0,Timeless taste of original chewy cookie with a dash of chocolate,85.0
Cookie Dessert,Caramel Cashew Cookie,1,0,Your two favourite flavours meet in this scrumptious Soft & Chewy dessert,85.0
Brownies,Choco Chip Brownie,1,0,"80g - Rich, fudgy dark chocolate brownie loaded with Chocolate Chips",120.0
Brownies,Almond Brownie,1,0,80g - Super soft chocolate brownie loaded with the aroma of nutty almonds,120.0
Brownies,Walnut Brownie,1,0,80g - SOFT CHOCOLATE BROWNIE LOADED WITH WALNUTS,120.0
Brownies,Chocolate Brownie,1,0,80g - Delectable Chocolate flavour in a Soft Brownie,120.0
Donut,Choc Vermicelli Donut,1,0,"A delightful mouthwatering donuts topped with ""Dark chocolate"".",110.0
Donut,Rainbow Donut,1,0,White Chocolate Donut Topped with Colourful Sprinkles. An absolute treat for your Sweet ... read more,100.0
Donut,Brownie Donut,1,0,Brownie Donut with a White Chocolate Drizzle on Top,110.0
Donut,Choco Chip Donut,1,0,A delightful mouthwatering donuts topped with chocolate,100.0
Muffins,Banana Walnut Muffin,1,0,110g Soft and fluffy banana muffin topped with walnuts,120.0
Muffins,Double Choco Chip Muffin,1,0,110g Delicious soft and fluffy Muffin with Double the Chocolate is a lovable ... read more,120.0
Macaroons,Strawberry Macaroons,1,0,STRAWBERRY FLAVORED MACAROON. Contains Egg.,60.0
Macaroons,Chocolate Macaroons,1,0,CHOCOLATE FLAVORED MACAROON. Contains Egg.,60.0
Macaroons,Macaroons (Buy 4 & Get 1),1,0,This Box Contains 5 pcs of Assorted Strawberry and Chocolate flavored Macaroons,202.54
Macaroons,Macaroons (Buy 7 & Get 3),1,0,This Box Contains 10 pcs of Assorted Strawberry and Chocolate flavored Macaroons,350.0
Fresh Baked Cookies,Almond Tea Crunch Cookies - 250 gms,1,0,Freshly baked delicious cookie with alluring almond flavour,165.0
Fresh Baked Cookies,Brandy Snap (Flavoured) Cookies - 150 gms,1,0,"Our signature cookie, perfectly made of oats, coconut and hints of brandy essence",99.0
Fresh Baked Cookies,Californian Cookies - 150 gms,1,0,Almond Topped with Cinnamon Based Cookies,99.0
Fresh Baked Cookies,Choc Chip Cookies - 150 gms,1,0,"Crispy edges, chewy center cookies, studded with chocolate chips",99.0
Fresh Baked Cookies,Double Choc Chip Cookie - 250 gms,1,0,Freshly baked chocolate cookies packed with chocolate chips and melt in your mouth ... read more,165.0
Fresh Baked Cookies,Almond Tea Crunch Cookies - 150 gms,1,0,Delicious cookie flavored with slivered almonds goes perfect with tea,99.0
Fresh Baked Cookies,Butter Cashew Cookies - 150 gms,1,0,Rich creamy butter is the star of these freshly baked butter cashew cookies,99.0
Fresh Baked Cookies,Black Currant Cookies - 150 gms,1,0,Intensely fruity and crispy blackcurrant cookies are real treats,99.0
Fresh Baked Cookies,Double Choc Chip Cookie - 150 gms,1,0,Our rich dark chocolate cookie bursting with semisweet milk chocolate chips,99.0
Fresh Baked Cookies,Black Currant Cookies - 250 gms,1,0,Cookies made with freeze-dried blackcurrant are the real deal.,165.0
Fresh Baked Cookies,Butter Cashew Cookies - 250 gms,1,0,Delicious Cashew cookies is baked perfectly with the abundance of nuts and great ... read more,165.0
Fresh Baked Cookies,Choc Chip Cookies - 250 gms,1,0,Eggless cookie delight with crispy outer and chewy center sprinkled with choco chips.,165.0
Fresh Baked Cookies,Californian Cookies - 250 gms,1,0,Almond Topped with Cinnamon Based Cookies,165.0
Fresh Baked Cookies,Coconut Macaroon Cookies - 150g,1,0,Indulge in the awesomeness of our coconut macaroon cookie,99.0
Fresh Baked Cookies,Brandy Snap (Flavoured) Cookies- 250 gms,1,0,Our premium Brandy snap cookies made with high-quality ingredients. Contains no alcohol.,165.0
Fresh Baked Cookies,700 gms Cookies in a Family Barrel,1,0,Excellent gift option for all the cookie monsters in your family.,550.84
Gourmet Cookies,Almond Finger - 5 pieces Box,1,0,Buttery short breads studded with Almond flakes,76.27
Gourmet Cookies,Choc chunk cookies 120g,1,0,Chunks of dark chocolate filling in delicious chocolate cookie dough,101.69
Gourmet Cookies,Sugar Free Multigrain Cookies,1,0,"Nutritious & Delectable flavor of Sugar-Free Multigrain Cookies, perfect for treating yourself guilt-free.",126.27
Gourmet Cookies,Millet Jaggery Cookies,1,0,"Made with millet and Jaggery, these cookies make for a perfect healthy snack.",211.02
Gourmet Cookies,Brownie Brittle 200 gms,1,0,"Not too fudgy, not too cakey, no eggs, just the perfect mix of ... read more",211.86
Gourmet Cookies,Almond Finger 250 gms,1,0,Almond flakes infused short breads that melt in your mouth.,330.5
Chocolate Dipped Cookies,Almond Clusters 25 gms/Piece,1,0,Delicious almond clusters dipped in creamy chocolate,50.85
Chocolate Dipped Cookies,Choc Brandy Cookie 25 gms/Piece,1,0,Our classic brandy snap cookies dipped in delicious chocolate,42.37
Chocolate Dipped Cookies,Chocolate Dipped Biscotti,1,0,indulge the taste of biscotti with coated chocolate. 100g - Chocolate Dipped Biscotti Fingers,83.89
Chocolate Dipped Cookies,Chocolate Dipped Almond,1,0,Our crunchy almond fingers dipped in decadent dark and milk chocolates. 80g - Chocolate ... read more,83.89
Chocolates,Chocolate Coated Almond - 40g,1,0,A delightful blend of rich chocolate and crunchy almonds in every bite.,110.17
Chocolates,Chocolate Coated Cranberry - 40g,1,0,Chocolate and cranberries with our chocolate-coated cranberries,110.17
Chocolates,Chocolate Coated Hazelnut - 40g,1,0,Smooth chocolate and crunchy hazelnuts with our chocolate-coated hazelnuts.,110.17
Chocolates,"Chocolate Coated Almond, Cranberry & Hazelnut - 40g | Pack of 3",1,0,"Combo Pack of chocolate coated Almond, Cranberry & Hazelnut",330.51
Ice Creams,Ice cream with Brownie,1,0,Classic combination of Creamy Vanilla Ice cream with soft Brownie,195.0
Ice Creams,Single Scoop Vanilla Ice Cream,1,0,Smooth creamy vanilla Ice Cream gives you relishing experiencing,80.0
Ice Creams,Single Scoop Butterscotch Ice cream,1,0,Feel deliciousness in every bite of Rich and creamy Butterscotch scoop.,80.0
Ice Creams,Single Scoop Strawberry Ice cream,1,0,A refreshingly charming blend of strawberry ice cream,80.0
Ice Creams,Single Scoop Chocolate Ice cream,1,0,Melt in mouth chocolate in every scoop,80.0
