Category,Item_Name,"Is_Veg(1:veg,0:non-veg)","Is_Alcohol(1:alcoholic,0:non-alcoholic)",Description,Price
Chips,A1 Ultra Thin Banana Chips,1,0,"Taste the crispiness of fresh banana chips, perfectly sliced and made with pure ... read more",111.61
Chips,Banana Chilli Masala Chips,1,0,"Taste the crispiness of fresh banana chips, perfectly sliced and made with pure ... read more",116.07
Chips,Banana IV Cut Curry Leaf Chips,1,0,"Taste the crispiness of fresh banana chips, perfectly sliced and made with pure ... read more",116.07
Chips,Banana Malabar Masala Chips,1,0,"Taste the crispiness of fresh banana chips, perfectly sliced and made with pure ... read more",116.07
Chips,Banana Pepper Masala Chips,1,0,"Taste the crispiness of fresh banana chips, perfectly sliced and made with pure ... read more",116.07
Chips,Banana Salsa Masala Chips,1,0,"Taste the crispiness of fresh banana chips, perfectly sliced and made with pure ... read more",116.07
Chips,Banana Sweet Chilli Chips,1,0,"Taste the crispiness of fresh banana chips, perfectly sliced and made with pure ... read more",116.07
Chips,Plantain Tandoori Chips,1,0,"Taste the crispiness of fresh banana chips, perfectly sliced and made with pure ... read more",116.07
Chips,Banana Crispy Chips [250 grams],1,0,"Taste the crispiness of fresh banana chips, perfectly sliced and made with pure ... read more",111.61
Chips,Banana Fruit Chips [250 grams],1,0,"Taste the crispiness of fresh banana chips, perfectly sliced and made with pure ... read more",111.61
Chips,Banana IV Cut Salted Chips [250 grams],1,0,"Taste the crispiness of fresh banana chips, perfectly sliced and made with pure ... read more",111.61
Chips,Banana Jaggery Chips [250 grams],1,0,"Taste the crispiness of fresh banana chips, perfectly sliced and made with pure ... read more",111.61
Chips,Plantain Chips [250 grams],1,0,"Taste the crispiness of fresh banana chips, perfectly sliced and made with pure ... read more",111.61
Chips,Aloo Tandoori Potato Chips,1,0,"Taste the crispiness of fresh potato chips, perfectly sliced and made with pure ... read more",98.21
Chips,Potato Finger Chilli Onion Chips,1,0,,46.43
Chips,Potato Finger Chilli Chips,1,0,"Taste the crispiness of fresh potato chips, perfectly sliced and made with pure ... read more",46.43
Chips,Potato Finger Salted Chips,1,0,"Taste the crispiness of fresh potato chips, perfectly sliced and made with pure ... read more",46.43
Chips,Potato Finger Tomato Chips,1,0,"Taste the crispiness of fresh potato chips, perfectly sliced and made with pure ... read more",46.43
Chips,Potato Padapat Chips,1,0,"Taste the crispiness of fresh potato chips, perfectly sliced and made with pure ... read more",46.43
Chips,Potato Zigzag Pudina Flavour Chips,1,0,"Taste the crispiness of fresh potato chips, perfectly sliced and made with pure ... read more",98.21
Chips,Potato Zigzag Tomato Flavour Chips,1,0,"Taste the crispiness of fresh potato chips, perfectly sliced and made with pure ... read more",98.21
Chips,Potato Chips Chilli Mangai [100 grams],1,0,"Taste the crispiness of fresh potato chips, perfectly sliced and made with pure ... read more",49.11
Chips,Potato Chilli Chips,1,0,"Taste the crispiness of fresh potato chips, perfectly sliced and made with pure ... read more",49.11
Chips,Potato Pepper Chips [200 grams],1,0,"Taste the crispiness of fresh potato chips, perfectly sliced and made with pure ... read more",93.75
Chips,Potato Peri Peri Chips [100 grams],1,0,,49.11
Chips,Potato Salted Chips,1,0,"Taste the crispiness of fresh potato chips, perfectly sliced and made with pure ... read more",49.11
Chips,Potato Cream N Onion Chips [100 grams],1,0,,49.11
Chips,Potato Zigzag Spicy Garlic Chips [100 grams],1,0,"Taste the crispiness of fresh potato chips, perfectly sliced and made with pure ... read more",49.11
Chips,Tapioca Chilli Chips [200 grams],1,0,"Taste the crispiness of fresh tapioca chips, perfectly sliced and made with pure ... read more",75.89
Chips,Tapioca Salted Chips [200 grams],1,0,"Taste the crispiness of fresh tapioca chips, perfectly sliced and made with pure ... read more",75.89
Chips,Tapioca Double Spicy Chips [250 grams],1,0,"Taste the crispiness of fresh tapioca chips, perfectly sliced and made with pure ... read more",98.21
Chips,Tapioca Finger Chilli Chips [200 grams],1,0,"Taste the crispiness of fresh tapioca chips, perfectly sliced and made with pure ... read more",75.89
Chips,Bitter Gourd Chips,1,0,"Taste the crispiness of our special chips, perfectly sliced and made with pure ... read more",133.93
Chips,Jackfruit Chips [250 grams],1,0,,133.93
Chips,Ginger Chips [100 grams],1,0,"Taste the crispiness of our special chips, perfectly sliced and made with pure ... read more",71.43
Chips,Sweet Gooseberry Chips [100 grams],1,0,,53.57
Puffed,Pepper Appalam [200 grams],1,0,Experience the light and airy crunch of our puffed snacks. Made from premium ... read more,70.0
Puffed,Choco Popcorn [1 Pack],1,0,Experience the light and airy crunch of our puffed snacks. Made from premium ... read more,75.89
Puffed,Caramel Popcorn [1 Pack],1,0,Experience the light and airy crunch of our puffed snacks. Made from premium ... read more,75.89
Puffed,Corn Funstick [100 grams],1,0,Experience the light and airy crunch of our puffed snacks. Made from premium ... read more,44.64
Puffed,Garam Masala Puffed Rice [150 grams],1,0,Experience the light and airy crunch of our puffed snacks. Made from premium ... read more,50.0
Puffed,Ong Puffed Wheat Masala [1 Pack],1,0,Experience the light and airy crunch of our puffed snacks. Made from premium ... read more,60.0
Puffed,Onion Primes [100 grams],1,0,Experience the light and airy crunch of our puffed snacks. Made from premium ... read more,44.64
Puffed,Primes Wheel Chips [100 g],1,0,Wheel chips.,44.64
Savories,Andhra Ring Murukku,1,0,Make your snack time extra fun with the perfect blend of crunchiness and ... read more,39.29
Savories,Broken Groundnut,1,0,,39.29
Savories,Butter Chevu,1,0,,39.29
Savories,Chilli Groundnut,1,0,Prepared with,39.29
Savories,Corn Mixture,1,0,Make your snack time extra fun with the perfect blend of crunchiness and ... read more,39.29
Savories,Country Mixture,1,0,Make your snack time extra fun with the perfect blend of crunchiness and ... read more,39.29
Savories,Crispy Mixture,1,0,Make your snack time extra fun with the perfect blend of crunchiness and ... read more,39.29
Savories,Dal Mixture,1,0,Make your snack time extra fun with the perfect blend of crunchiness and ... read more,39.29
Savories,Garlic Mixture,1,0,Make your snack time extra fun with the perfect blend of crunchiness and ... read more,39.29
Savories,Garlic Murukku,1,0,Make your snack time extra fun with the perfect blend of crunchiness and ... read more,39.29
Savories,Golden Mixture,1,0,Make your snack time extra fun with the perfect blend of crunchiness and ... read more,39.29
Savories,Gram Dal Chilli,1,0,,39.29
Savories,Kabul Dal,1,0,Make your snack time extra fun with the perfect blend of crunchiness and ... read more,39.29
Savories,Kalyana Mixture Chilli,1,0,Make your snack time extra fun with the perfect blend of crunchiness and ... read more,39.29
Savories,Kara Boondi,1,0,Make your snack time extra fun with the perfect blend of crunchiness and ... read more,98.22
Savories,Kara Chevu,1,0,Make your snack time extra fun with the perfect blend of crunchiness and ... read more,39.29
Savories,Masala Groundnut,1,0,Make your snack time extra fun with the perfect blend of crunchiness and ... read more,98.22
Savories,Mixture,1,0,Make your snack time extra fun with the perfect blend of crunchiness and ... read more,39.29
Savories,Moong Dal,1,0,Make your snack time extra fun with the perfect blend of crunchiness and ... read more,39.29
Savories,Nei Murukku,1,0,Make your snack time extra fun with the perfect blend of crunchiness and ... read more,98.22
Savories,Oil Chilli Groundnut,1,0,Make your snack time extra fun with the perfect blend of crunchiness and ... read more,39.29
Savories,Oma Podi,1,0,Make your snack time extra fun with the perfect blend of crunchiness and ... read more,98.22
Savories,Onion Murukku,1,0,Make your snack time extra fun with the perfect blend of crunchiness and ... read more,98.22
Savories,Pepper Chevu,1,0,[Veg preparation],39.29
Savories,Pepper Groundnut,1,0,Make your snack time extra fun with the perfect blend of crunchiness and ... read more,39.29
Savories,Spicy Ribbon Pakoda,1,0,Make your snack time extra fun with the perfect blend of crunchiness and ... read more,98.22
Savories,Garlic Ribbon Pakoda,1,0,Make your snack time extra fun with the perfect blend of crunchiness and ... read more,98.22
Savories,Gingelly Ribbon Pakoda,1,0,Make your snack time extra fun with the perfect blend of crunchiness and ... read more,98.22
Savories,Ring Murukku,1,0,Make your snack time extra fun with the perfect blend of crunchiness and ... read more,39.29
Savories,Roasted Green Peas,1,0,Make your snack time extra fun with the perfect blend of crunchiness and ... read more,39.29
Savories,Seedai Chilli Murukku,1,0,Make your snack time extra fun with the perfect blend of crunchiness and ... read more,37.5
Savories,Seedai Salted Murukku,1,0,Make your snack time extra fun with the perfect blend of crunchiness and ... read more,37.5
Savories,Special Bombay Mixture,1,0,,39.29
Savories,Tapioca Pakoda,1,0,Make your snack time extra fun with the perfect blend of crunchiness and ... read more,39.29
Savories,Special Achu Murukku [20 Pieces],1,0,Make your snack time extra fun with the perfect blend of crunchiness and ... read more,80.36
Savories,Butter Hand Murukku [250 grams],1,0,Make your snack time extra fun with the perfect blend of crunchiness and ... read more,98.21
Savories,Butter Salt Seedai [300 grams],1,0,Make your snack time extra fun with the perfect blend of crunchiness and ... read more,125.0
Savories,Cheese Ball Cream N Onion [80 grams],1,0,Make your snack time extra fun with the perfect blend of crunchiness and ... read more,44.64
Savories,Cheese Balls [80 grams],1,0,,44.64
Savories,Chettinad Murukku [4 Pieces],1,0,Make your snack time extra fun with the perfect blend of crunchiness and ... read more,89.29
Savories,Chilli Murukku [250 grams],1,0,Make your snack time extra fun with the perfect blend of crunchiness and ... read more,98.21
Savories,Chilli Thatta [250 grams],1,0,Make your snack time extra fun with the perfect blend of crunchiness and ... read more,98.21
Savories,Coil Murukku Salted [250 grams],1,0,Make your snack time extra fun with the perfect blend of crunchiness and ... read more,98.21
Savories,Corn Cheese Ball Peri Peri [80 grams],1,0,Make your snack time extra fun with the perfect blend of crunchiness and ... read more,44.64
Savories,Dhal Thattai Murukku [250 grams],1,0,Make your snack time extra fun with the perfect blend of crunchiness and ... read more,98.21
Savories,Garlic Mini Thatta [150 grams],1,0,Make your snack time extra fun with the perfect blend of crunchiness and ... read more,66.96
Savories,Hand Murukku Classic [250 grams],1,0,Make your snack time extra fun with the perfect blend of crunchiness and ... read more,89.29
Savories,Pepper Thattai Murukku [250 grams],1,0,Make your snack time extra fun with the perfect blend of crunchiness and ... read more,98.21
Savories,Pidi Murukku [250 grams],1,0,Make your snack time extra fun with the perfect blend of crunchiness and ... read more,89.29
Savories,Ragi Onion Murukku [150 grams],1,0,Make your snack time extra fun with the perfect blend of crunchiness and ... read more,62.5
Savories,Saathoor Chilli Seeval [150 grams],1,0,Make your snack time extra fun with the perfect blend of crunchiness and ... read more,53.57
Savories,Sabudana Thattai [250 grams],1,0,Make your snack time extra fun with the perfect blend of crunchiness and ... read more,98.21
Savories,Sweet Chevu [200 grams],1,0,Make your snack time extra fun with the perfect blend of crunchiness and ... read more,80.36
Savories,Classic Thattai Murukku [250 grams],1,0,Make your snack time extra fun with the perfect blend of crunchiness and ... read more,98.21
Savories,Neem Leaf Ball Veppilakatti [4 Pieces],1,0,Make your snack time extra fun with the perfect blend of crunchiness and ... read more,49.11
Nuts,Cashewnut Pepper [100 grams],1,0,"Taste the natural goodness of our premium nuts, carefully selected and roasted to ... read more",129.46
Nuts,Cashew Nut Salted [100 grams],1,0,"Taste the natural goodness of our premium nuts, carefully selected and roasted to ... read more",129.46
Nuts,Sand Roasted Skin Groundnut [150 grams],1,0,"Taste the natural goodness of our premium nuts, carefully selected and roasted to ... read more",44.64
Nuts,Sand Roasted Skinless Groundnut [150 grams],1,0,"Taste the natural goodness of our premium nuts, carefully selected and roasted to ... read more",49.11
Sides,A1 Paruppu Podi [100 grams],1,0,The perfect companion to upgrade your meals to the next level. Bursting with ... read more,53.57
Sides,A1 Amla Pickle [200 grams],1,0,,75.89
Sides,A1 Avakai Pickle [200 grams],1,0,The perfect companion to upgrade your meals to the next level. Bursting with ... read more,75.89
Sides,A1 Garlic Pickle [200 grams],1,0,The perfect companion to upgrade your meals to the next level. Bursting with ... read more,75.89
Sides,A1 Ginger Pickle [200 grams],1,0,The perfect companion to upgrade your meals to the next level. Bursting with ... read more,75.89
Sides,A1 Gongura Pickle [200 grams],1,0,The perfect companion to upgrade your meals to the next level. Bursting with ... read more,75.89
Sides,A1 Green Chilli Pickle [200 grams],1,0,The perfect companion to upgrade your meals to the next level. Bursting with ... read more,75.89
Sides,A1 Lime Pickle [300 grams],1,0,The perfect companion to upgrade your meals to the next level. Bursting with ... read more,111.61
Sides,A1 Mahani Root Pickle,1,0,The perfect companion to upgrade your meals to the next level. Bursting with ... read more,160.71
Sides,A1 Mango Thokku Pickle [200 grams],1,0,The perfect companion to upgrade your meals to the next level. Bursting with ... read more,75.89
Sides,A1 Red Chilli Pickle [200 grams],1,0,The perfect companion to upgrade your meals to the next level. Bursting with ... read more,75.89
Sides,A1 Tomato Pickle [200 grams],1,0,The perfect companion to upgrade your meals to the next level. Bursting with ... read more,75.89
Sides,Andhra Spicy Idli Podi [100 grams],1,0,The perfect companion to upgrade your meals to the next level. Bursting with ... read more,58.04
Sides,Bitter Gourd Thokku [150 grams],1,0,The perfect companion to upgrade your meals to the next level. Bursting with ... read more,62.5
Sides,Garlic Idli Podi [100 grams],1,0,The perfect companion to upgrade your meals to the next level. Bursting with ... read more,58.04
Sides,Garlic Kuzhambu [150 grams],1,0,The perfect companion to upgrade your meals to the next level. Bursting with ... read more,53.57
Sides,Idli and Dosa Chilli Powder,1,0,,44.64
Sides,Narthangai Oorugai [150 grams],1,0,The perfect companion to upgrade your meals to the next level. Bursting with ... read more,71.43
Sides,Onion Thokku [150 grams],1,0,The perfect companion to upgrade your meals to the next level. Bursting with ... read more,62.5
Sides,Puli Inchi [150 grams],1,0,The perfect companion to upgrade your meals to the next level. Bursting with ... read more,71.43
Sides,Puliyodharai Mixed [150 grams],1,0,The perfect companion to upgrade your meals to the next level. Bursting with ... read more,62.5
Sides,Vatha Kuzhambu [150 grams],1,0,The perfect companion to upgrade your meals to the next level. Bursting with ... read more,62.5
Sides,Uppittu,1,0,Dhall.,33.33
Bakery,Baby Coconut Bun,1,0,"Grab our irresistible bakery creations, freshly baked with passion with the finest ingredients. ... read more",42.86
Bakery,Badam Cookies [150 grams],1,0,"Grab our irresistible bakery creations, freshly baked with passion with the finest ingredients. ... read more",76.27
Bakery,Butterball Biscuit,1,0,"Grab our irresistible bakery creations, freshly baked with passion with the finest ingredients. ... read more",83.9
Bakery,Sweet Cashew Nut Maknoon,1,0,"Grab our irresistible bakery creations, freshly baked with passion with the finest ingredients. ... read more",105.93
Bakery,Chocolate Drops [100 grams],1,0,"Grab our irresistible bakery creations, freshly baked with passion with the finest ingredients. ... read more",84.75
Bakery,Orange Drops [100 grams],1,0,"Grab our irresistible bakery creations, freshly baked with passion with the finest ingredients. ... read more",84.75
Bakery,Pineapple Drops [100 grams],1,0,"Grab our irresistible bakery creations, freshly baked with passion with the finest ingredients. ... read more",84.75
Bakery,Rose Milk Drops [100 grams],1,0,"Grab our irresistible bakery creations, freshly baked with passion with the finest ingredients. ... read more",84.75
Bakery,Strawberry Drops [100 grams],1,0,"Grab our irresistible bakery creations, freshly baked with passion with the finest ingredients. ... read more",84.75
Bakery,Vanilla Drops [100 grams],1,0,"Grab our irresistible bakery creations, freshly baked with passion with the finest ingredients. ... read more",84.75
Bakery,Fruit Nut Biscuit [150 grams],1,0,"Grab our irresistible bakery creations, freshly baked with passion with the finest ingredients. ... read more",76.27
Bakery,Milk Bread,1,0,"Grab our irresistible bakery creations, freshly baked with passion with the finest ingredients. ... read more",40.0
Bakery,Mini Red Velvet Cake,1,0,[Veg preparation],16.95
Bakery,Rich Choco Chip Cookies [150 grams],1,0,"Grab our irresistible bakery creations, freshly baked with passion with the finest ingredients. ... read more",93.22
Bakery,Special Cashew Elaichi Cookies [150 grams],1,0,"Grab our irresistible bakery creations, freshly baked with passion with the finest ingredients. ... read more",76.27
Bakery,Special Sweet Varky [200 grams],1,0,"Grab our irresistible bakery creations, freshly baked with passion with the finest ingredients. ... read more",85.71
Bakery,Special Varky [200 grams],1,0,,85.71
Bakery,Wheat Coconut Biscuit [150 grams],1,0,"Grab our irresistible bakery creations, freshly baked with passion with the finest ingredients. ... read more",67.8
Bakery,Wheat Salted Biscuit [200 grams],1,0,"Grab our irresistible bakery creations, freshly baked with passion with the finest ingredients. ... read more",93.22
Bakery,Wheat Time Biscuit [200 grams],1,0,"Grab our irresistible bakery creations, freshly baked with passion with the finest ingredients. ... read more",84.75
Biscuits,Sweet Ghee Biscuit,1,0,It's time for biscuit-bliss with our perfectly baked creations. Your favourite classic biscuits ... read more,28.81
Biscuits,Osmania Biscuits 180 Grams,1,0,It's time for biscuit-bliss with our perfectly baked creations. Your favorite classic biscuits ... read more,127.12
Sweets,Milk Cake,1,0,"Satisfy your sweet tooth. Made with the finest ingredients, the exquisite taste of ... read more",133.33
Sweets,Mini Milk Kova,1,0,"Satisfy your sweet tooth. Made with the finest ingredients, the exquisite taste of ... read more",130.95
Sweets,Mothi Laddu,1,0,"Satisfy your sweet tooth. Made with the finest ingredients, the exquisite taste of ... read more",109.53
Sweets,Special Soan Papdi,1,0,,104.76
Sweets,Badusha [250 grams],1,0,"Satisfy your sweet tooth. Made with the finest ingredients, the exquisite taste of ... read more",104.76
Sweets,Coconut Burfi [200 grams],1,0,,95.24
Sweets,Elaneer Halwa [200 grams],1,0,"Satisfy your sweet tooth. Made with the finest ingredients, the exquisite taste of ... read more",95.24
Sweets,Honey Rose Candy [150 grams],1,0,,71.43
Sweets,Idicha Ellu Urundai [200 grams],1,0,"Satisfy your sweet tooth. Made with the finest ingredients, the exquisite taste of ... read more",66.67
Sweets,Jaggery Wheat Coconut Milk Halwa [200 grams],1,0,"Satisfy your sweet tooth. Made with the finest ingredients, the exquisite taste of ... read more",85.71
Sweets,Kerala Black Jaggery Halwa [200 grams],1,0,"Satisfy your sweet tooth. Made with the finest ingredients, the exquisite taste of ... read more",76.19
Sweets,Kerala Orange Halwa [200 grams],1,0,"Satisfy your sweet tooth. Made with the finest ingredients, the exquisite taste of ... read more",76.19
Sweets,Kerala Pineapple Halwa [200 grams],1,0,,76.19
Sweets,Milk Halwa [250 grams],1,0,"Satisfy your sweet tooth. Made with the finest ingredients, the exquisite taste of ... read more",133.33
Sweets,Paneer Jalebi [250 grams],1,0,,104.76
Sweets,Soan Cake [150 grams],1,0,"Satisfy your sweet tooth. Made with the finest ingredients, the exquisite taste of ... read more",85.71
Sweets,Tirunelveli Wheat Halwa [250 g],1,0,"Satisfy your sweet tooth. Made with the finest ingredients, the exquisite taste of ... read more",95.24
Sweets,Muscoth Halwa [200 grams],1,0,"Satisfy your sweet tooth. Made with the finest ingredients, the exquisite taste of ... read more",95.24
Sweets,Ellu Button Black Chikkies [200 grams],1,0,"Satisfy your sweet tooth. Made with the finest ingredients, the exquisite taste of ... read more",66.67
Sweets,Ellu Button White Chikkies [200 grams],1,0,"Satisfy your sweet tooth. Made with the finest ingredients, the exquisite taste of ... read more",66.67
Sweets,Kadalai Mittai Bar,1,0,"Satisfy your sweet tooth. Made with the finest ingredients, the exquisite taste of ... read more",9.52
Sweets,Kadalai Mittai Broken Button [200 grams],1,0,,66.67
Sweets,Kadalai Mittai Button [200 grams],1,0,"Satisfy your sweet tooth. Made with the finest ingredients, the exquisite taste of ... read more",66.67
